post_id,post_text,user_id,image_id(s),username,timestamp,label,true_label,pred_label
324597532548276224,Don't need feds to solve the #bostonbombing when we have #4chan!! http://t.co/eXQTPZqqbG,886672620,"boston_fake_03,boston_fake_35",SantaCruzShred,Wed Apr 17 18:57:37 +0000 2013,fake,假新闻,真新闻
325145334739267584,PIC: Comparison of #Boston suspect Sunil Tripathi's FBI-released images/video and his MISSING poster http://t.co/EhV3ODxrJf You decide.,21992286,boston_fake_23,Oscar_Wang,Fri Apr 19 07:14:23 +0000 2013,fake,假新闻,真新闻
325152091423248385,I'm not completely convinced that it's this Sunil Tripathi fellow—http://t.co/ZjWqOsRfjB,16428755,boston_fake_34,jamwil,Fri Apr 19 07:41:14 +0000 2013,fake,假新闻,真新闻
324554646976868352,Brutal lo que se puede conseguir en colaboración. #4Chan analizando fotos de la maratón de #Boston atando cabos... http://t.co/4eq43HFicK,303138574,"boston_fake_03,boston_fake_35",rubenson80,Wed Apr 17 16:07:12 +0000 2013,fake,假新闻,真新闻
324315545572896768,4chan and the bombing. just throwing it out there: http://t.co/dIySO7lXQm http://t.co/NxBi4tW8bQ,180460772,boston_fake_15,Slimlenny,Wed Apr 17 00:17:06 +0000 2013,fake,假新闻,真新闻
324581777614180352,4chan thinks they found pictures of the bomber  -  http://t.co/0y3w24l2q8,46224814,boston_fake_08,iamyadvinder,Wed Apr 17 17:55:00 +0000 2013,fake,假新闻,真新闻
324665423956176896,"Ola ke ase, investigando las bombas de Boston o ke ase? #4chan http://t.co/7A4IAbVmM0",90735851,boston_fake_35,rcr866,Wed Apr 17 23:27:23 +0000 2013,fake,假新闻,真新闻
325464125868216321,4chan ThinkTank - Imgur http://t.co/hQt2fhxE48,142785938,"boston_fake_03,boston_fake_35",GlebGgs,Sat Apr 20 04:21:09 +0000 2013,fake,假新闻,真新闻
325099014355820544,@DLoesch have you seen this? Bomber #2  looks like missing student Sunil Tripathi.  http://t.co/1phQpB0aMT  http://t.co/X9pqMtnoW5,21769179,boston_fake_13,larrygloverlive,Fri Apr 19 04:10:19 +0000 2013,fake,假新闻,真新闻
325705653026975744,da 4chan think tank BOSTON  http://t.co/0ZbKMA5z0D  #photos #suspects #bombing #marathon,51410043,"boston_fake_03,boston_fake_35",IsraelTucker,Sat Apr 20 20:20:53 +0000 2013,fake,假新闻,真新闻
324637464927039488,@Anonymoussops @bernardosampa @urbanohumano definitely a good work anonymous. #4chan 4ver &gt;&gt; http://t.co/VSAz2qzbun,224438064,"boston_fake_03,boston_fake_35",MrDDS1984,Wed Apr 17 21:36:17 +0000 2013,fake,假新闻,真新闻
325101127043534850,"Poo, o 4CHAN nas análises dos atentados hein. De loco!\n\nhttp://t.co/au0JRLE0qA http://t.co/Nm92oqIkmy",97034316,"boston_fake_03,boston_fake_35",AriellMarques,Fri Apr 19 04:18:43 +0000 2013,fake,假新闻,真新闻
324498279700234240,@DandCShow Did you guys see these pics?  http://t.co/AwkA3cC4dg  #reddit #4chan #bostonstrong,21324077,"boston_fake_03,boston_fake_35",SignoreDago,Wed Apr 17 12:23:13 +0000 2013,fake,假新闻,真新闻
324604457847488512,http://t.co/ykSVPMWD6h  #4chan FTW,201914406,"boston_fake_03,boston_fake_35",mtdisme,Wed Apr 17 19:25:08 +0000 2013,fake,假新闻,真新闻
324580144478048258,"Wow, creepy. #Boston #Bombing ID the suspect? http://t.co/mKbnnYCcUs",114819961,"boston_fake_03,boston_fake_35",JaclynIsaac,Wed Apr 17 17:48:31 +0000 2013,fake,假新闻,真新闻
324558285225209857,"@YourAnonNews its not that guy, you can see his backpack from another angle http://t.co/DFRglxjp68 #BostonMarathon",50858723,boston_fake_16,Tadlette,Wed Apr 17 16:21:39 +0000 2013,fake,假新闻,真新闻
324510098259050496,@BBCWorld @BBCBreaking @BBCNews Probably worth checking these out. http://t.co/r6nemCxOCr #4chan #identified #boston #marathon #bombers,241810080,"boston_fake_03,boston_fake_35",FaultyBeard,Wed Apr 17 13:10:11 +0000 2013,fake,假新闻,真新闻
324635274887970816,"my best guess ala 4chan regarding Boston \nhttp://t.co/QTJ4XHonGC\nhere is the rest of the pics 4 chan has of that day, http://t.co/jO0BPnUfmn",109661488,"boston_fake_03,boston_fake_07,boston_fake_35",SOS3Today,Wed Apr 17 21:27:35 +0000 2013,fake,假新闻,真新闻
324435205433724929,Hilarious if 4chan solves this bombing case. They got tons of these posted. http://t.co/qI9I0YKatR,16037772,boston_fake_26,BlakeYo,Wed Apr 17 08:12:35 +0000 2013,fake,假新闻,真新闻
324545148908363777,http://t.co/pS4KetWGaW #4chan,396729812,boston_fake_01,RutgerDrent,Wed Apr 17 15:29:27 +0000 2013,fake,假新闻,真新闻
324267996044460035,"\""They say\"" this is a #pic of a man lurking on a rooftop during the the #bostonmarathon #explosion...… http://t.co/RYtgpktBYT",266869357,boston_fake_09,broadwaybeezy,Tue Apr 16 21:08:09 +0000 2013,fake,假新闻,真新闻
324513597852098561,Wow 4chan. That was fast: http://t.co/3vHkPCr8tR,363958072,boston_fake_15,Alpha_and_Delta,Wed Apr 17 13:24:05 +0000 2013,fake,假新闻,真新闻
324979270248173568,#4Chan got some fame on internet but I can say that I am impressed on what they had done and discovered http://t.co/MUH6yTWCAZ via @imgur,608583,"boston_fake_03,boston_fake_35",Zeinobia,Thu Apr 18 20:14:30 +0000 2013,fake,假新闻,真新闻
325064824306429953,4chan melhor que FBI :) http://t.co/aiGcdBXRUz,323637124,"boston_fake_03,boston_fake_35",bruunowtf,Fri Apr 19 01:54:28 +0000 2013,fake,假新闻,真新闻
324333359356579841,4chan spots a #Boston Bombing suspect - http://t.co/3c4TOQxL4b,105148135,boston_fake_15,giggitygreg,Wed Apr 17 01:27:53 +0000 2013,fake,假新闻,真新闻
324631982518726656,4Chan seems to think they've found one of the Boston Marathon Bombers and I agree http://t.co/1cncwgC7eK,419544419,boston_fake_29,smitchell550,Wed Apr 17 21:14:30 +0000 2013,fake,假新闻,真新闻
324356688272560128,4chan spots a suspect http://t.co/u3Ovlyl4Tp [http://t.co/oUotrsGuZv] #consp @joerogan,1228761494,boston_fake_15,Reddit4Savages,Wed Apr 17 03:00:35 +0000 2013,fake,假新闻,真新闻
324874410374877185,http://t.co/TTcLPjXHVs investigación bombas Boston #4chan,348687483,"boston_fake_03,boston_fake_35",isaponferrada,Thu Apr 18 13:17:49 +0000 2013,fake,假新闻,真新闻
324569472952320003,#4chan solves the bombings? http://t.co/YeTDt6cLZS via @imgur,394713293,"boston_fake_03,boston_fake_35",AnssiMuhonen,Wed Apr 17 17:06:07 +0000 2013,fake,假新闻,真新闻
324936511160213505,4chan Conspiracies 1 of 2 http://t.co/KbYZr9aAiQ,142869850,boston_fake_18,brennen_says,Thu Apr 18 17:24:35 +0000 2013,fake,假新闻,真新闻
325243838518149120,good job 4chan! http://t.co/XSnnqe6ROH,24618459,"boston_fake_03,boston_fake_35",softwaredoug,Fri Apr 19 13:45:48 +0000 2013,fake,假新闻,真新闻
324642477577494530,#boston #4chan  http://t.co/e7m4xLcjna,353738582,"boston_fake_03,boston_fake_35",ThomasZbo,Wed Apr 17 21:56:12 +0000 2013,fake,假新闻,真新闻
324128489244614656,man on the roof-tops of #bostonmarathon while bomb goes off http://t.co/yFZEuQ47hu,65174989,boston_fake_09,DeeJayBliss1,Tue Apr 16 11:53:48 +0000 2013,fake,假新闻,真新闻
324930742041866242,navy seals at #bostonmarathon with back packs n remote devices on cell phones http://t.co/k9sNfXJvi8,1354971384,boston_fake_03,aggressiveink,Thu Apr 18 17:01:40 +0000 2013,fake,假新闻,真新闻
325361625869717505,E aí que o 4chan DESVENDOU quem são os responsáveis pela bomba de Boston http://t.co/ZZu0An6h2p,51582409,"boston_fake_03,boston_fake_35",LRagazzi,Fri Apr 19 21:33:51 +0000 2013,fake,假新闻,真新闻
325149501813837824,Wow. This was posted yesterday on 4chan. Seemed like some people were in the know about the suspect. http://t.co/g7QU4AktXV,24276757,boston_fake_12,dennyluan,Fri Apr 19 07:30:56 +0000 2013,fake,假新闻,真新闻
324383323097022464,4chan spots a suspect http://t.co/Sb6t7nyP3b [http://t.co/ODs9wcPaxD] #consp @duncantrussell,1237247743,boston_fake_15,Reddit4DTFHfans,Wed Apr 17 04:46:25 +0000 2013,fake,假新闻,真新闻
325226222235828226,Here's the thread. Not one of the real suspects is on here. RT @brianboyer: 4chan is on it. Fascinating. http://t.co/R53NODzVtB,24774702,"boston_fake_03,boston_fake_35",_DirtyCee,Fri Apr 19 12:35:48 +0000 2013,fake,假新闻,真新闻
324676674442629120,#4chan crowdsourcing #Boston bomb investigation - /b/ http://t.co/7YcFjWsKo2,308422575,"boston_fake_03,boston_fake_35",UnfitToPrint,Thu Apr 18 00:12:06 +0000 2013,fake,假新闻,真新闻
324845303566065664,#4chan ThinkTank http://t.co/rnqC1QKu8R #BostonMarathon,589903475,"boston_fake_03,boston_fake_35",Anonymous_48,Thu Apr 18 11:22:10 +0000 2013,fake,假新闻,真新闻
324620538465120256,#4CHAN haciendo el trabajo del FBI http://t.co/CPONsVv0O8 o.O #Boston #/b/,225092182,"boston_fake_03,boston_fake_35",Stanne_Z,Wed Apr 17 20:29:02 +0000 2013,fake,假新闻,真新闻
325051229791203328,4chan picks out some boston suspects. crazy spooky. http://t.co/OqAbKozQav,11813582,"boston_fake_03,boston_fake_35",mirceap,Fri Apr 19 01:00:27 +0000 2013,fake,假新闻,真新闻
324991612025462784,It looks like 4chan might have really found something - Why are private http://t.co/iVYfUtQ2Mh [http://t.co/RbYBX2qXll] #anon @YourAnonNews,1350469116,boston_fake_18,rsubversive,Thu Apr 18 21:03:33 +0000 2013,fake,假新闻,真新闻
324710785773363200,this shit crazy. wonder if they photoshopped #4chan http://t.co/v00nx4Fw0D,206443802,"boston_fake_03,boston_fake_35",rckgot1twatchin,Thu Apr 18 02:27:38 +0000 2013,fake,假新闻,真新闻
324590974753976320,4Chan zoekt het uit. http://t.co/wMQbCv9W3R,66641469,boston_fake_04,JeffreyPieters,Wed Apr 17 18:31:33 +0000 2013,fake,假新闻,真新闻
324468904128806912,4chan beweert de bommenlegger uit #Boston te hebben gevonden op foto http://t.co/YDyFCkEPDb,142691676,boston_fake_01,loyvh,Wed Apr 17 10:26:29 +0000 2013,fake,假新闻,真新闻
324522267973402624,"Os caras do 4chan identificaram o terrorista da maratona de Boston, jura mesmo? https://t.co/reoR7wki6i http://t.co/MKUuo8PKyQ",10522982,boston_fake_17,JoaoLuiz,Wed Apr 17 13:58:32 +0000 2013,fake,假新闻,真新闻
325135832207990784,"No idea if \""Suspect 2\"" is missing Brown student Sunil Tripathi but looks more than a little like him: http://t.co/iwJ7iO3WKB",37636667,boston_fake_30,mtsw,Fri Apr 19 06:36:37 +0000 2013,fake,假新闻,真新闻
324798280787714048,En 4chan ya han encontrado a los terroristas de Boston http://t.co/Cb98QtbVcU #boston #4chan,360657338,"boston_fake_03,boston_fake_35",gzapico,Thu Apr 18 08:15:19 +0000 2013,fake,假新闻,真新闻
325490517725028353,"some follow up images on the 4chan post from an hour ago: http://t.co/QlqaMpdpXA\n\n\""The internet wins\"" -@teklocust",4739831,"boston_fake_03,boston_fake_35",dwbl,Sat Apr 20 06:06:01 +0000 2013,fake,假新闻,真新闻
324338610465816576,@th3j35t3r what do you make of what 4chan has come up with? http://t.co/sMWgRS2jo3,1126189711,boston_fake_04,ClownLilBro,Wed Apr 17 01:48:45 +0000 2013,fake,假新闻,真新闻
324537751934484480,4chan found the bomb http://t.co/Zrs8WOqomz,221060333,boston_fake_24,C_Y88,Wed Apr 17 15:00:04 +0000 2013,fake,假新闻,真新闻
324607148313153538,The man believed to be the bomber.. #boston #bostonbombing #bostonmarathon #prayforboston #pray4boston… http://t.co/akb08AyBld,22892301,boston_fake_02,TIHammer,Wed Apr 17 19:35:49 +0000 2013,fake,假新闻,真新闻
324528633463050241,http://t.co/xBNwxhIVHo #BostonMarathon #4chan via @reddit,26972597,"boston_fake_03,boston_fake_35",The_Ni,Wed Apr 17 14:23:50 +0000 2013,fake,假新闻,真新闻
325170782131073024,The internet wins. Did 4chan find the Boston Marathon bombers? http://t.co/45UUc5Gjal,1605021,"boston_fake_03,boston_fake_35",carhartl,Fri Apr 19 08:55:30 +0000 2013,fake,假新闻,真新闻
324330330108612608,@samsteinhp check out the 4chan kiddies investigative work http://t.co/7C1wRki92C,16259867,boston_fake_26,tmoneymonsta,Wed Apr 17 01:15:51 +0000 2013,fake,假新闻,真新闻
324740982576914435,"Una muestra que #4Chan no es solo mierda, sino una inteligencia anonima, a veces borracha, pero efectiva : http://t.co/wmD0pEejVM #Boston",15114233,"boston_fake_03,boston_fake_35",ElReticente,Thu Apr 18 04:27:38 +0000 2013,fake,假新闻,真新闻
324361628353191937,"Don't worry guys, 4chan is on the case now...  http://t.co/tv5u5N9tiy",15308003,boston_fake_26,rpriedy,Wed Apr 17 03:20:13 +0000 2013,fake,假新闻,真新闻
324565662339059712,#4Chan analizó las imágenes del atentado en #Boston y encontró supuestos implicados. http://t.co/84GH58OHJP,416678640,"boston_fake_03,boston_fake_35",LuisDavCastillo,Wed Apr 17 16:50:58 +0000 2013,fake,假新闻,真新闻
324587251503886336,Lets see if 4chan identified the bomber http://t.co/0kmcAxkqup http://t.co/kJZq8NAMx6,182672637,boston_fake_22,John_E_Smoker,Wed Apr 17 18:16:45 +0000 2013,fake,假新闻,真新闻
325256788201066500,Been following the stuff happening in boston. Got linked this regarding the bombings. http://t.co/hlDQKHxiC3 Sometimes 4chan gets it right,327970384,"boston_fake_03,boston_fake_35",Sikoras1992,Fri Apr 19 14:37:15 +0000 2013,fake,假新闻,真新闻
325085389582901250,Impressive and gamechanging - crowd-sourced detective work via 4chan http://t.co/OaESe8EiV9,40958266,"boston_fake_03,boston_fake_35",DerekMartian,Fri Apr 19 03:16:11 +0000 2013,fake,假新闻,真新闻
325265059897024512,4chan ThinkTank - Imgur http://t.co/ND1kJvPhKb,251738262,"boston_fake_03,boston_fake_35",pinboardpopular,Fri Apr 19 15:10:08 +0000 2013,fake,假新闻,真新闻
324512492011278337,@YourAnonNews  4chan spots another pair of suspects. This one really gave me chills. http://t.co/MMMaoxEVau,775750844,boston_fake_04,AnonJackAzzz,Wed Apr 17 13:19:41 +0000 2013,fake,假新闻,真新闻
325431243183370241,@bilinkis @goldenmax yo también tengo mis dudas de que este resuelto después de haber visto lo de 4chan. http://t.co/aU8pBZl4U2,44552093,"boston_fake_03,boston_fake_35",soke_,Sat Apr 20 02:10:29 +0000 2013,fake,假新闻,真新闻
324389467345522688,4chan spots a Boston Marathon bombings suspect http://t.co/mRFDwpNczH,6953352,boston_fake_15,shamhardy,Wed Apr 17 05:10:50 +0000 2013,fake,假新闻,真新闻
324674672413270016,#4chan's effort to catch the #Boston bombers - amazing http://t.co/mj0YoHuZW7,1330339369,"boston_fake_03,boston_fake_35",3IPBitcoin,Thu Apr 18 00:04:08 +0000 2013,fake,假新闻,真新闻
324551203562344449,RT @C_R3yna06: 4chan &gt; FBI http://t.co/da4FbhJwWs,44428351,boston_fake_05,TAK3OV3R,Wed Apr 17 15:53:31 +0000 2013,fake,假新闻,真新闻
325047131905871872,4chan ThinkTank - Imgur http://t.co/VOLezm4vxO,85853721,"boston_fake_03,boston_fake_35",GugaCash,Fri Apr 19 00:44:09 +0000 2013,fake,假新闻,真新闻
325233605964070913,Reddit and 4chan's efforts to identify the Boston bombers. http://t.co/nNnMLnBzms http://t.co/sBsROBIg2P Not even close,17153944,"boston_fake_03,boston_fake_35",fraserferguson,Fri Apr 19 13:05:08 +0000 2013,fake,假新闻,真新闻
324526766481870848,Plus look how he's carrying it. Looks like he's about to sit it down. #prayforboston http://t.co/YyWGdbsI1e,276369555,boston_fake_01,colegoodlett,Wed Apr 17 14:16:25 +0000 2013,fake,假新闻,真新闻
325166355747835906,"Kudos 4chan http://t.co/KccwMpAJr3 Damn, their images are better than the FBI's",26971007,"boston_fake_03,boston_fake_35",blebon,Fri Apr 19 08:37:55 +0000 2013,fake,假新闻,真新闻
324611966758957056,"I'll laugh my ass off if 4chan actually were able to find the bombing suspect, this picture looks somewhat convicing http://t.co/rk1eDwr7Vq",36779913,boston_fake_14,chris_longboard,Wed Apr 17 19:54:58 +0000 2013,fake,假新闻,真新闻
324996041285980160,It looks like 4chan might have really found something... #PrayForBoston #BostonBombing http://t.co/DrLPtbJ7pb,490491827,boston_fake_18,DaltonLGilbert,Thu Apr 18 21:21:09 +0000 2013,fake,假新闻,真新闻
325148067336683521,"Wow, so Sunil Tripathi is a Brown U Student that has been missing since March... http://t.co/ku2PtAuB4o.",43996430,boston_fake_19,cjbrinton,Fri Apr 19 07:25:14 +0000 2013,fake,假新闻,真新闻
324572829230178305,The people of Boston ask your help identifying these men associated with the backpack bombs at the Boston Marathon http://t.co/u5fX9Gksbf,16611239,boston_fake_31,Glossology,Wed Apr 17 17:19:27 +0000 2013,fake,假新闻,真新闻
324583175953215489,#Boston #4chan ThinkTank: http://t.co/AbLIYga34E,130234848,"boston_fake_03,boston_fake_35",samueljcarlson,Wed Apr 17 18:00:34 +0000 2013,fake,假新闻,真新闻
325264870591299585,@ReyxelRojiblank lo dicen por 4chan. De ahi sacaron las fotos los telediarios españoles haciendolas pasar x oficiales http://t.co/8S2sa3nAp2,355568240,"boston_fake_03,boston_fake_35",yoryito2004,Fri Apr 19 15:09:22 +0000 2013,fake,假新闻,真新闻
324527935413436416,@TheMatthewKeys Have you seen/heard anything about this? http://t.co/v82rdCVIqH (via @dcturner @SimoRoth &amp; 4Chan users ),16886246,boston_fake_01,Siouxfire,Wed Apr 17 14:21:03 +0000 2013,fake,假新闻,真新闻
325135810326327296,Se ve que los de 4chan ya han empezado http://t.co/onL4644fVG,335312155,"boston_fake_03,boston_fake_35",CaoticaEconomia,Fri Apr 19 06:36:32 +0000 2013,fake,假新闻,真新闻
324569471253630976,"@OClairouin @samuellaurent Et 4Chan étant 4Chan, ca donne aussi http://t.co/qv0ZSH2jB6",193786214,boston_fake_26,tseymat,Wed Apr 17 17:06:06 +0000 2013,fake,假新闻,真新闻
325307612050640897,"http://t.co/qOdBcSpmgG 4chan teve a manha, apos que a mídia nem vai falar nada",251241632,"boston_fake_03,boston_fake_35",pedro_antuna,Fri Apr 19 17:59:13 +0000 2013,fake,假新闻,真新闻
325030184199811072,http://t.co/oCwVNpf2PI http://t.co/9hwsuCH7TJ 83 C.S.I. 4chan.,1105084915,boston_fake_07,benittto6,Thu Apr 18 23:36:49 +0000 2013,fake,假新闻,真新闻
324578933427302401,Maybe we should outsource our intelligence work to #Reddit and #4chan: Check out http://t.co/hyLs9xHDis and http://t.co/hcciCk4uW2,10935232,"boston_fake_03,boston_fake_35",eshep,Wed Apr 17 17:43:42 +0000 2013,fake,假新闻,真新闻
324526695531040769,4chan is on the case. http://t.co/wHctp20bzf,19722133,boston_fake_01,MoronPundit,Wed Apr 17 14:16:08 +0000 2013,fake,假新闻,真新闻
324582306511728640,"so, 4chan helps find #bostonmarathon bombing suspect(s)? http://t.co/wkrFlxTL9D",15441577,"boston_fake_03,boston_fake_35",m_dunn,Wed Apr 17 17:57:06 +0000 2013,fake,假新闻,真新闻
324590719153094659,Los de 4chan cuando quieren son muy grandes. Buscando al causante de lo de Boston: http://t.co/AV0xaxekyX,112528053,boston_fake_29,Seroko111,Wed Apr 17 18:30:32 +0000 2013,fake,假新闻,真新闻
325236486381383680,some amazing analysis of the photographic evidence from the #bostonbombing by the guys at #4chan: http://t.co/YkNtXSjGr9,10468472,boston_fake_27,shanemagee,Fri Apr 19 13:16:35 +0000 2013,fake,假新闻,真新闻
324999947592294400,Fucking faggots B. I pray karma lets us get to them 1st America. #BostonBombers #prayforboston http://t.co/akkg2YdEQS,130547662,boston_fake_06,PictureSpitter,Thu Apr 18 21:36:40 +0000 2013,fake,假新闻,真新闻
324517112234270720,4chan tror sig ha hittat en misstänkt. http://t.co/GliZFUrrLt https://t.co/sCqwcSi5UM Alla är detektiver numera ;),18763641,"boston_fake_01,boston_fake_17",davexphoto,Wed Apr 17 13:38:03 +0000 2013,fake,假新闻,真新闻
325154445354758144,Shits crazy RT @Blueraydre: FBI missing person / Bombing suspect = Same person #4Chan http://t.co/FezORWhKV7,133608149,boston_fake_10,ALPRADA,Fri Apr 19 07:50:35 +0000 2013,fake,假新闻,真新闻
324629642151591936,http://t.co/43c7yFQSAt #boston #4chan,20729120,"boston_fake_03,boston_fake_35",uaddafac,Wed Apr 17 21:05:12 +0000 2013,fake,假新闻,真新闻
324590308845301760,#4Chan does #Boston http://t.co/4e3DthsbzF,20654315,"boston_fake_03,boston_fake_35",abraaten,Wed Apr 17 18:28:54 +0000 2013,fake,假新闻,真新闻
324590475413696512,"@JasonBarnett Probably not then, 4chan &amp; Reddit IDed younger guys. I saw another mention of a white baseball cap: http://t.co/Sc42hfu7Yi",1199551,boston_fake_04,TierneyODea,Wed Apr 17 18:29:34 +0000 2013,fake,假新闻,真新闻
324572177020116992,"Look at this #4chan thinktank pic gallery: http://t.co/51CkG45awR Remember those faces. If they're arrested, the Internet solved this case.",125386263,"boston_fake_03,boston_fake_35",marty_lang,Wed Apr 17 17:16:51 +0000 2013,fake,假新闻,真新闻
324789744192065536,4chan investiga lo de Boston. http://t.co/EZ35IYwBgS,255744834,boston_fake_04,Postfapshotgun,Thu Apr 18 07:41:23 +0000 2013,fake,假新闻,真新闻
324325848352161792,Damn 4chan already got the bomber http://t.co/bkvZkOwtvS,16259867,boston_fake_15,tmoneymonsta,Wed Apr 17 00:58:02 +0000 2013,fake,假新闻,真新闻
324559423441879042,Interesting case of internet vigilantism using #4Chan/#Reddit; response to #Boston http://t.co/jsK9B9UwfU http://t.co/HFmw7m0XAl @interwhut,285193554,"boston_fake_03,boston_fake_35",myrandatanck,Wed Apr 17 16:26:11 +0000 2013,fake,假新闻,真新闻
325145935007068161,Sunil Tripathi was last seen in March. http://t.co/Yn6V5xNXGC,35714423,boston_fake_19,vetoshield,Fri Apr 19 07:16:46 +0000 2013,fake,假新闻,真新闻
325173128491851776,@Genowolf Well here's a short explanation according to 4chan (who found him before the FBI) http://t.co/xqKLuMldnl,284792574,boston_fake_12,Boo_Billamy,Fri Apr 19 09:04:49 +0000 2013,fake,假新闻,真新闻
